<PAMDataset>
  <PAMRasterBand band="1">
    <Metadata>
      <MDI key="STATISTICS_APPROXIMATE">YES</MDI>
      <MDI key="STATISTICS_MINIMUM">1</MDI>
      <MDI key="STATISTICS_MAXIMUM">250</MDI>
      <MDI key="STATISTICS_MEAN">91.181252989</MDI>
      <MDI key="STATISTICS_STDDEV">30.820480641886</MDI>
      <MDI key="STATISTICS_VALID_PERCENT">100</MDI>
    </Metadata>
  </PAMRasterBand>
  <PAMRasterBand band="2">
    <Metadata>
      <MDI key="STATISTICS_APPROXIMATE">YES</MDI>
      <MDI key="STATISTICS_MINIMUM">18</MDI>
      <MDI key="STATISTICS_MAXIMUM">255</MDI>
      <MDI key="STATISTICS_MEAN">178.56878686434</MDI>
      <MDI key="STATISTICS_STDDEV">40.704861030796</MDI>
      <MDI key="STATISTICS_VALID_PERCENT">100</MDI>
    </Metadata>
  </PAMRasterBand>
  <PAMRasterBand band="3">
    <Metadata>
      <MDI key="STATISTICS_APPROXIMATE">YES</MDI>
      <MDI key="STATISTICS_MINIMUM">10</MDI>
      <MDI key="STATISTICS_MAXIMUM">139</MDI>
      <MDI key="STATISTICS_MEAN">27.816587621059</MDI>
      <MDI key="STATISTICS_STDDEV">14.163621841209</MDI>
      <MDI key="STATISTICS_VALID_PERCENT">99.999</MDI>
    </Metadata>
  </PAMRasterBand>
</PAMDataset>
