<PAMDataset>
  <PAMRasterBand band="1">
    <Metadata>
      <MDI key="STATISTICS_APPROXIMATE">YES</MDI>
      <MDI key="STATISTICS_MINIMUM">1</MDI>
      <MDI key="STATISTICS_MAXIMUM">255</MDI>
      <MDI key="STATISTICS_MEAN">92.768872060582</MDI>
      <MDI key="STATISTICS_STDDEV">30.723101978487</MDI>
      <MDI key="STATISTICS_VALID_PERCENT">99.99</MDI>
    </Metadata>
  </PAMRasterBand>
  <PAMRasterBand band="2">
    <Metadata>
      <MDI key="STATISTICS_APPROXIMATE">YES</MDI>
      <MDI key="STATISTICS_MINIMUM">13</MDI>
      <MDI key="STATISTICS_MAXIMUM">255</MDI>
      <MDI key="STATISTICS_MEAN">190.25968436155</MDI>
      <MDI key="STATISTICS_STDDEV">43.543388678659</MDI>
      <MDI key="STATISTICS_VALID_PERCENT">100</MDI>
    </Metadata>
  </PAMRasterBand>
  <PAMRasterBand band="3">
    <Metadata>
      <MDI key="STATISTICS_APPROXIMATE">YES</MDI>
      <MDI key="STATISTICS_MINIMUM">11</MDI>
      <MDI key="STATISTICS_MAXIMUM">151</MDI>
      <MDI key="STATISTICS_MEAN">25.963293611255</MDI>
      <MDI key="STATISTICS_STDDEV">14.6075699735</MDI>
      <MDI key="STATISTICS_VALID_PERCENT">99.999</MDI>
    </Metadata>
  </PAMRasterBand>
</PAMDataset>
