<PAMDataset>
  <PAMRasterBand band="1">
    <Metadata>
      <MDI key="STATISTICS_APPROXIMATE">YES</MDI>
      <MDI key="STATISTICS_MINIMUM">1</MDI>
      <MDI key="STATISTICS_MAXIMUM">255</MDI>
      <MDI key="STATISTICS_MEAN">93.332221035771</MDI>
      <MDI key="STATISTICS_STDDEV">33.483962677798</MDI>
      <MDI key="STATISTICS_VALID_PERCENT">89.57</MDI>
    </Metadata>
  </PAMRasterBand>
  <PAMRasterBand band="2">
    <Metadata>
      <MDI key="STATISTICS_APPROXIMATE">YES</MDI>
      <MDI key="STATISTICS_MINIMUM">11</MDI>
      <MDI key="STATISTICS_MAXIMUM">255</MDI>
      <MDI key="STATISTICS_MEAN">192.81364829396</MDI>
      <MDI key="STATISTICS_STDDEV">44.4336317434</MDI>
      <MDI key="STATISTICS_VALID_PERCENT">89.59</MDI>
    </Metadata>
  </PAMRasterBand>
  <PAMRasterBand band="3">
    <Metadata>
      <MDI key="STATISTICS_APPROXIMATE">YES</MDI>
      <MDI key="STATISTICS_MINIMUM">1</MDI>
      <MDI key="STATISTICS_MAXIMUM">255</MDI>
      <MDI key="STATISTICS_MEAN">35.185167059661</MDI>
      <MDI key="STATISTICS_STDDEV">18.393664190563</MDI>
      <MDI key="STATISTICS_VALID_PERCENT">89.58</MDI>
    </Metadata>
  </PAMRasterBand>
</PAMDataset>
