<PAMDataset>
  <PAMRasterBand band="1">
    <Metadata>
      <MDI key="STATISTICS_APPROXIMATE">YES</MDI>
      <MDI key="STATISTICS_MINIMUM">1</MDI>
      <MDI key="STATISTICS_MAXIMUM">239</MDI>
      <MDI key="STATISTICS_MEAN">85.598363273453</MDI>
      <MDI key="STATISTICS_STDDEV">29.612484644523</MDI>
      <MDI key="STATISTICS_VALID_PERCENT">99.83</MDI>
    </Metadata>
  </PAMRasterBand>
  <PAMRasterBand band="2">
    <Metadata>
      <MDI key="STATISTICS_APPROXIMATE">YES</MDI>
      <MDI key="STATISTICS_MINIMUM">9</MDI>
      <MDI key="STATISTICS_MAXIMUM">255</MDI>
      <MDI key="STATISTICS_MEAN">173.32464530528</MDI>
      <MDI key="STATISTICS_STDDEV">45.07145496763</MDI>
      <MDI key="STATISTICS_VALID_PERCENT">100</MDI>
    </Metadata>
  </PAMRasterBand>
  <PAMRasterBand band="3">
    <Metadata>
      <MDI key="STATISTICS_APPROXIMATE">YES</MDI>
      <MDI key="STATISTICS_MINIMUM">2</MDI>
      <MDI key="STATISTICS_MAXIMUM">142</MDI>
      <MDI key="STATISTICS_MEAN">20.687549816675</MDI>
      <MDI key="STATISTICS_STDDEV">13.993614025093</MDI>
      <MDI key="STATISTICS_VALID_PERCENT">100</MDI>
    </Metadata>
  </PAMRasterBand>
</PAMDataset>
