<PAMDataset>
  <PAMRasterBand band="1">
    <Metadata>
      <MDI key="STATISTICS_APPROXIMATE">YES</MDI>
      <MDI key="STATISTICS_MINIMUM">1</MDI>
      <MDI key="STATISTICS_MAXIMUM">255</MDI>
      <MDI key="STATISTICS_MEAN">98.139860702927</MDI>
      <MDI key="STATISTICS_STDDEV">31.993099901679</MDI>
      <MDI key="STATISTICS_VALID_PERCENT">98.99</MDI>
    </Metadata>
  </PAMRasterBand>
  <PAMRasterBand band="2">
    <Metadata>
      <MDI key="STATISTICS_APPROXIMATE">YES</MDI>
      <MDI key="STATISTICS_MINIMUM">14</MDI>
      <MDI key="STATISTICS_MAXIMUM">255</MDI>
      <MDI key="STATISTICS_MEAN">191.98043635778</MDI>
      <MDI key="STATISTICS_STDDEV">44.641536462335</MDI>
      <MDI key="STATISTICS_VALID_PERCENT">99</MDI>
    </Metadata>
  </PAMRasterBand>
  <PAMRasterBand band="3">
    <Metadata>
      <MDI key="STATISTICS_APPROXIMATE">YES</MDI>
      <MDI key="STATISTICS_MINIMUM">1</MDI>
      <MDI key="STATISTICS_MAXIMUM">156</MDI>
      <MDI key="STATISTICS_MEAN">27.631737852743</MDI>
      <MDI key="STATISTICS_STDDEV">16.161548497842</MDI>
      <MDI key="STATISTICS_VALID_PERCENT">99</MDI>
    </Metadata>
  </PAMRasterBand>
</PAMDataset>
